origintime,longitude,latitude,altitude
2017/1/1 0:16:57,-119.7,20.97,567.3948281649
2017/1/1 1:46:49,32.4,0.63,652.1213523776
2017/1/1 3:52:19,-68.94,35.28,579.7591110528
2017/1/1 5:42:38,61.2,27.18,616.7630374274
2017/1/1 6:08:37,45.72,-9.81,569.276488393
2017/1/1 6:14:58,109.8,-74.79,602.2664327128
2017/1/1 7:50:09,88.02,0.54,575.8034757481
2017/1/1 9:55:29,175.68,-58.5,600.1129148287
2017/1/1 10:23:08,-12.6,-81.72,566.2315166582
2017/1/1 11:25:40,135.18,-42.66,510.0253898336
2017/1/1 11:48:03,38.88,-66.6,673.0633853447
2017/1/1 13:39:17,-155.7,-40.68,579.0275072224
2017/1/1 15:06:37,81,-66.51,549.7400185658
2017/1/1 17:28:49,-94.5,-78.39,483.1516384472
2017/1/1 19:03:54,25.92,14.4,592.1275655212
2017/1/1 19:53:33,133.2,83.43,604.6777934423
2017/1/1 20:40:56,44.46,-39.69,778.3291457983
2017/1/1 21:32:00,-9,48.78,553.9884024748
2017/1/1 21:48:54,-147.06,22.14,643.2815682015
2017/1/1 22:52:11,81.9,33.21,632.8140014947
2017/1/1 23:02:09,25.2,-64.35,645.5282619923
2017/1/2 0:01:03,-133.2,27.45,662.0044580743
2017/1/2 1:15:39,55.62,-23.13,713.1918519015
2017/1/2 2:10:20,77.94,35.19,570.6723439936
2017/1/2 3:25:48,-127.26,-85.68,589.720226064
2017/1/2 5:42:09,-124.38,-51.48,550.7928635169
2017/1/2 7:48:16,81.18,47.7,559.8642397958
2017/1/2 9:16:20,-136.98,-62.1,603.0487963613
2017/1/2 11:10:38,105.48,-37.62,691.2903653664
2017/1/2 12:09:11,37.8,-42.03,676.8551965213
2017/1/2 14:09:50,-137.7,-25.29,583.1319338629
2017/1/2 15:22:12,121.68,-82.26,647.8246903074
2017/1/2 17:16:26,-47.7,43.65,540.7397086018
2017/1/2 18:53:39,110.34,-62.46,748.7039759372
2017/1/2 21:02:56,99,-24.48,628.2184656247
2017/1/2 21:07:57,39.96,-15.21,671.288298077
2017/1/2 23:02:09,-161.46,-23.04,581.717122641
2017/1/3 1:04:20,-118.8,34.65,586.0022609874
2017/1/3 1:31:32,30.78,-17.64,566.5724199243
2017/1/3 1:41:32,-55.26,-74.52,498.3189258781
2017/1/3 2:15:22,-107.82,-74.88,562.9883728766
2017/1/3 4:11:26,-39.6,-5.58,742.1164852281
2017/1/3 6:03:38,-107.46,-39.78,632.8805055968
2017/1/3 7:19:57,131.04,18.99,704.3698939758
2017/1/3 8:34:45,-86.22,-57.69,622.0369421774
2017/1/3 10:35:15,-54,-86.4,638.474148739
2017/1/3 12:15:50,50.76,-40.41,616.7122882112
2017/1/3 12:27:48,178.74,-84.78,611.5696395363
2017/1/3 13:27:18,-130.68,-51.93,574.1102087174
2017/1/3 14:01:34,-17.64,-87.57,638.8713595684
2017/1/3 15:38:37,-55.26,-69.12,562.8573854261
2017/1/3 16:23:22,81.72,84.15,751.4867886688
2017/1/3 16:38:35,115.74,80.37,581.7162852146
2017/1/3 18:24:15,69.3,47.34,374.6291846436
2017/1/3 19:24:06,-170.1,-46.71,655.591166392
2017/1/3 20:31:13,84.96,31.05,733.6431848657
2017/1/3 22:09:25,158.4,-20.34,470.410758731
2017/1/3 22:39:49,79.56,-12.69,529.3318582728
2017/1/3 22:59:01,137.34,-72.81,622.0580946444
2017/1/4 0:32:45,-107.64,-33.39,679.2627591801
2017/1/4 2:10:47,126.72,19.8,828.5067863771
2017/1/4 2:20:08,-44.82,3.06,566.8286150194
2017/1/4 4:22:57,-115.38,54.18,555.1630076951
2017/1/4 4:28:18,99.18,49.23,808.1811567976
2017/1/4 6:36:29,-60.66,-57.42,551.647779061
2017/1/4 6:55:47,72.54,-62.28,503.3134259146
2017/1/4 8:42:37,127.8,-49.5,639.3059453129
2017/1/4 9:00:14,108.54,-22.41,623.3978740097
2017/1/4 11:08:15,29.7,77.58,582.5949076713
2017/1/4 11:18:46,-25.92,45.54,588.795298844
2017/1/4 12:23:26,54.36,33.12,550.5517559645
2017/1/4 12:53:57,174.78,-27.72,615.5928255675
2017/1/4 14:45:20,129.6,52.02,461.6316805709
2017/1/4 16:14:00,-12.96,26.73,733.5138748716
2017/1/4 16:35:05,-118.98,-58.77,484.0314852789
2017/1/4 18:25:48,-145.08,-33.84,462.3191974979
2017/1/4 20:28:08,126.9,74.61,577.4414816804
2017/1/4 21:46:20,-16.02,-21.15,603.1671596311
2017/1/4 22:12:27,-170.82,1.62,567.9622161084
2017/1/4 22:27:15,92.7,-56.88,430.1065053554
2017/1/4 22:33:50,48.96,45.45,749.3539742598
2017/1/4 23:00:06,-76.14,63.09,624.8753781975
2017/1/5 1:15:45,-89.46,32.49,551.1115389685
2017/1/5 2:43:00,-87.12,23.04,689.0404858961
2017/1/5 3:33:59,110.88,-33.03,625.9290597442
2017/1/5 5:25:43,62.46,1.71,793.5083158129
2017/1/5 5:35:47,-4.14,-6.3,731.5965939856
2017/1/5 5:36:31,-165.24,-79.38,568.4238775376
2017/1/5 6:50:30,-167.94,-11.34,566.1556563844
2017/1/5 8:33:40,110.88,-8.64,704.9994296039
2017/1/5 10:07:33,-27.54,-69.21,657.2791166129
2017/1/5 11:32:03,-29.34,-13.68,637.0190366602
2017/1/5 11:40:11,54.18,38.7,692.5159665834
2017/1/5 11:53:23,-51.12,47.16,648.3452279331
2017/1/5 13:35:36,174.6,70.02,565.7323631613
2017/1/5 14:10:51,-175.86,-19.53,588.3592720082
2017/1/5 15:32:59,78.66,-37.08,468.6857344547
2017/1/5 16:50:14,156.6,38.52,707.7571687702
2017/1/5 16:57:18,-114.48,83.79,695.6151385191
2017/1/5 18:07:20,134.46,9.81,530.9195548005
2017/1/5 18:20:32,-121.5,50.76,604.7197563124
2017/1/5 19:58:52,108.9,-33.93,564.8384312724
2017/1/5 22:02:59,-93.42,-28.89,681.7380340756
2017/1/5 22:03:03,164.16,31.23,592.4559260871
2017/1/5 23:57:06,28.62,-86.67,525.4345635871
2017/1/6 1:32:06,37.8,-17.01,695.5537534198
2017/1/6 2:19:47,-147.96,-16.83,489.7134961927
2017/1/6 2:39:27,36.9,-9.99,556.4358845813
2017/1/6 3:56:27,-92.7,27.99,586.9675331531
2017/1/6 4:51:33,-78.84,51.48,645.8174141042
2017/1/6 6:04:11,127.26,-27.99,691.108613739
2017/1/6 7:17:50,171,-13.59,649.9431259716
2017/1/6 8:19:31,-92.52,84.51,677.733124427
2017/1/6 10:08:49,81.72,-64.35,461.2994817905
2017/1/6 10:22:33,-91.8,47.52,643.1683082331
2017/1/6 11:48:27,123.3,-55.17,636.0618282201
2017/1/6 13:22:40,130.14,6.21,636.362210085
2017/1/6 14:20:30,47.7,-41.76,760.2981904272
2017/1/6 15:06:26,-35.28,34.02,670.2401389501
2017/1/6 15:15:32,-124.2,-10.35,592.0511226451
2017/1/6 16:59:45,-132.12,-4.32,450.6324115945
2017/1/6 17:44:17,-87.48,56.16,749.7127117664
2017/1/6 18:40:40,-133.56,-63,529.075283472
2017/1/6 20:26:50,-163.08,-80.19,710.9289635263
2017/1/6 22:10:38,88.2,-9.54,706.185135779
2017/1/6 22:59:58,-54,51.48,461.8135151188
2017/1/7 0:22:45,-91.08,43.65,654.5416450917
2017/1/7 0:56:19,145.26,-23.67,482.9063733758
2017/1/7 2:30:24,-38.16,58.59,598.5371968881
2017/1/7 2:44:14,100.26,29.43,665.2070062725
2017/1/7 2:58:54,-173.34,58.32,547.989362142
2017/1/7 4:08:39,20.16,6.3,506.3106734055
2017/1/7 4:17:38,31.68,-85.23,554.2815564347
2017/1/7 5:24:40,-2.52,46.98,513.4028808902
2017/1/7 6:43:45,-120.6,-21.33,539.655488371
2017/1/7 9:02:27,126.72,-56.16,588.4509089276
2017/1/7 11:17:26,95.94,-51.75,600.3825345797
2017/1/7 12:34:27,-76.5,-70.74,654.0512067972
2017/1/7 14:52:42,99.18,-41.58,672.5944537375
2017/1/7 17:01:43,-31.5,58.68,426.275048416
2017/1/7 18:27:33,61.2,-65.43,602.7325507437
2017/1/7 19:28:28,79.2,-46.53,721.1988755892
2017/1/7 19:34:49,61.38,-82.71,706.9079778984
2017/1/7 20:11:03,19.98,-9.09,670.4129524477
2017/1/7 20:27:23,25.92,42.93,580.3048059939
2017/1/7 20:47:57,-89.46,-43.83,691.0680635025
2017/1/7 22:28:25,145.08,-73.53,586.6152453427
2017/1/8 0:13:59,-162,-63.63,641.3542025481
2017/1/8 1:05:40,-29.34,13.68,614.0814232303
2017/1/8 1:56:39,16.02,40.68,611.6793210201
2017/1/8 4:09:25,-129.6,39.15,522.5882226734
2017/1/8 5:14:54,70.92,25.29,691.2090363772
2017/1/8 5:38:53,-157.68,-49.86,730.8561535672
2017/1/8 7:53:47,-66.6,-51.03,816.1656340594
2017/1/8 9:28:01,25.92,-22.95,566.4843359814
2017/1/8 10:43:46,-142.74,30.87,692.3762309171
2017/1/8 11:44:31,-127.8,16.56,443.1180533748
2017/1/8 13:56:13,161.82,-62.55,597.827137834
2017/1/8 14:54:14,155.34,-83.88,583.1788759524
2017/1/8 15:10:29,71.64,58.14,623.1788303367
2017/1/8 17:09:37,158.94,39.42,596.6258769239
2017/1/8 17:38:42,63.18,-57.51,343.6629604225
2017/1/8 19:48:30,25.56,-74.16,696.2178236488
2017/1/8 20:46:12,-131.76,85.86,614.646592012
2017/1/8 22:33:19,18,-17.01,773.7074388187
2017/1/8 23:18:29,106.2,-50.13,645.3785381977
2017/1/9 0:12:48,-58.32,-39.42,601.5326197008
2017/1/9 1:45:37,-133.92,82.89,704.1807184518
2017/1/9 1:56:42,38.16,44.55,615.5701096062
2017/1/9 2:14:43,114.48,45.36,741.7605355205
2017/1/9 2:37:07,-99,1.26,584.5074744418
2017/1/9 3:18:09,27.18,69.84,607.9698505821
2017/1/9 4:57:44,-91.08,33.75,652.7916532436
2017/1/9 6:41:01,-85.32,68.76,707.2281802684
2017/1/9 8:34:37,56.16,71.19,648.9502230446
2017/1/9 9:23:01,158.04,57.78,467.4830537369
2017/1/9 9:39:53,41.22,9.09,446.4373426756
2017/1/9 11:11:31,45.9,-86.94,601.1227974002
2017/1/9 12:45:05,36.18,36.81,615.9072907655
2017/1/9 13:05:23,90,-10.26,584.0901146344
2017/1/9 13:16:09,-29.7,21.69,603.8937558539
2017/1/9 14:05:04,156.06,44.1,572.6850603181
2017/1/9 14:53:58,-51.66,53.55,687.4841335635
2017/1/9 15:53:53,-73.08,67.68,490.1958270875
2017/1/9 17:19:04,148.32,66.69,572.6273124784
2017/1/9 17:25:27,-10.26,-18.81,528.1517714045
2017/1/9 17:54:52,-158.76,-23.85,303.0802204775
2017/1/9 18:33:58,180,-18.54,600.3352179353
2017/1/9 20:45:49,177.3,-0.18,655.8829022052
2017/1/9 22:13:08,121.86,-7.74,697.3788092514
2017/1/9 23:51:19,-103.32,14.49,617.3254817968
2017/1/10 2:07:12,5.04,-84.06,620.6652825842
2017/1/10 2:17:30,-16.02,-48.96,632.4539441105
2017/1/10 4:19:05,169.02,45.99,578.0222345036
2017/1/10 5:16:33,49.14,85.41,560.8006949171
2017/1/10 6:10:08,107.1,-42.3,780.99786309
2017/1/10 6:24:48,-67.5,-17.82,763.4245703365
2017/1/10 8:31:04,180,64.08,639.0289731072
2017/1/10 10:53:15,-45.9,56.16,347.7078824273
2017/1/10 11:02:12,79.74,60.57,549.7339818801
2017/1/10 12:49:06,44.82,-6.84,561.9188103664
2017/1/10 14:40:20,-140.94,19.17,591.99211858
2017/1/10 16:03:20,-122.76,5.58,653.4710816386
2017/1/10 17:21:57,12.24,-66.78,491.7723424634
2017/1/10 18:49:56,60.66,29.88,612.9371005251
2017/1/10 19:00:46,-173.88,-46.35,499.7426735192
2017/1/10 20:26:12,4.32,25.29,591.2070061745
2017/1/10 22:33:17,-30.24,-89.55,469.5143349276
2017/1/10 23:35:02,-48.6,-85.05,679.6325338257
2017/1/11 1:39:11,79.2,-14.13,520.2830911624
2017/1/11 2:40:00,-4.86,6.93,635.2791662067
2017/1/11 3:36:59,76.14,62.1,584.11189516
2017/1/11 4:59:36,65.34,73.53,592.2829799748
2017/1/11 6:33:52,67.68,19.08,652.0844500479
2017/1/11 6:55:42,-120.78,-39.69,592.5904017169
2017/1/11 7:26:42,-160.02,11.25,638.7141158511
2017/1/11 7:32:16,-167.4,37.35,630.8095085203
2017/1/11 7:35:00,-150.12,-6.12,551.2420454878
2017/1/11 7:39:46,32.22,35.19,877.1268606047
2017/1/11 9:15:33,-48.6,-79.02,598.4705137713
2017/1/11 10:09:32,106.92,10.17,582.9715557458
2017/1/11 11:48:07,-163.8,-23.76,721.1524816529
2017/1/11 12:55:42,109.8,47.52,558.0866543045
2017/1/11 14:31:37,-12.06,-22.95,397.605258987
2017/1/11 14:31:38,75.78,7.83,625.2482851285
2017/1/11 14:35:43,-172.8,86.76,596.0301596475
2017/1/11 14:54:19,72,51.84,527.9761480094
2017/1/11 16:26:09,33.12,-73.62,628.5187971168
2017/1/11 16:55:42,81.9,-86.22,542.2222782068
2017/1/11 17:25:07,-70.02,-54.45,733.9536775596
2017/1/11 18:06:18,-161.46,0.18,751.0200745214
2017/1/11 19:00:52,92.7,82.17,605.70099937
2017/1/11 21:10:32,178.02,45.54,581.9015574696
2017/1/11 22:23:01,-32.94,-60.66,667.2977307306
2017/1/11 23:51:07,-153.72,37.17,351.0302445404
2017/1/12 0:47:15,-7.02,-57.51,675.1708916612
2017/1/12 0:53:11,52.74,-57.6,712.2318135276
2017/1/12 1:36:58,30.06,-34.47,531.6004408332
2017/1/12 3:18:38,135.18,-47.34,571.8277433257
2017/1/12 3:21:25,165.6,42.84,511.7412083914
2017/1/12 5:10:41,-111.78,49.86,432.2426649865
2017/1/12 6:15:18,128.7,-32.58,486.2080737521
2017/1/12 6:31:57,41.76,18.09,685.3060220091
2017/1/12 8:17:59,-1.8,-52.02,670.8872074748
2017/1/12 10:27:23,55.62,15.66,659.5307755222
2017/1/12 11:07:05,-160.02,-2.52,542.9823119326
2017/1/12 11:52:39,-34.92,-16.83,422.2483935472
2017/1/12 12:59:27,70.74,-15.12,511.148173761
2017/1/12 13:54:43,77.94,70.74,528.5345704935
2017/1/12 14:28:26,-140.04,-52.56,569.8077031416
2017/1/12 15:51:42,76.86,-14.4,553.6248185213
2017/1/12 17:15:00,-154.62,59.31,418.900223507
2017/1/12 18:23:08,171.54,-46.17,626.2861527199
2017/1/12 19:10:16,-8.28,-31.77,589.348662783
2017/1/12 20:35:01,-43.2,61.65,469.5843659483
2017/1/12 21:41:36,-104.58,71.28,652.9562198921
2017/1/12 23:35:23,119.52,-56.61,922.5000789833
2017/1/13 1:23:58,-5.04,-73.8,707.4459074146
2017/1/13 3:03:11,-48.24,-1.08,664.3739350945
2017/1/13 4:02:51,-109.62,76.59,565.4036117052
2017/1/13 5:35:33,-171.18,-64.8,535.9949065143
2017/1/13 6:54:28,71.46,0.09,541.4004303349
2017/1/13 7:49:14,43.92,11.16,579.6686291499
2017/1/13 8:13:53,83.34,-62.1,619.7146930282
2017/1/13 8:31:27,-164.52,3.42,598.606761608
2017/1/13 10:45:35,74.16,13.59,414.2350583991
2017/1/13 11:44:54,176.94,-70.92,530.2541538906
2017/1/13 13:23:58,83.34,42.75,674.7957187904
2017/1/13 13:24:48,130.14,47.97,659.7593852149
2017/1/13 14:57:34,-119.34,52.2,515.0331085607
2017/1/13 16:47:53,2.34,57.24,678.0187605659
2017/1/13 18:11:00,-133.2,-10.8,667.5408692195
2017/1/13 20:11:55,-96.84,34.11,663.8195759979
2017/1/13 21:31:03,123.3,-28.35,772.1366824973
2017/1/13 22:44:31,140.76,44.46,793.9048635673
2017/1/13 23:35:49,133.02,61.38,692.3281550053
2017/1/14 1:45:42,61.38,-15.39,505.2450761865
2017/1/14 3:20:39,39.06,85.95,604.4525602799
2017/1/14 3:24:26,34.02,73.98,795.2794387462
2017/1/14 5:20:00,-44.28,12.42,662.86427821
2017/1/14 5:29:50,-0.54,-68.31,605.8393848812
2017/1/14 5:35:02,-52.2,-12.6,655.927624719
2017/1/14 7:23:29,-147.42,32.13,483.0315528251
2017/1/14 7:48:36,71.1,33.21,584.7303927732
2017/1/14 9:33:50,58.5,7.92,767.4763727596
2017/1/14 10:22:11,-37.98,70.38,567.3269211649
2017/1/14 10:59:36,90.18,82.08,498.4301799507
2017/1/14 13:05:48,-24.66,51.39,657.808877638
2017/1/14 14:28:05,-169.92,-61.65,614.3483458141
2017/1/14 14:32:16,-148.14,76.5,558.9117507357
2017/1/14 15:11:30,151.56,-8.55,406.3320272075
2017/1/14 16:59:31,-152.28,43.29,483.7982052123
2017/1/14 18:03:41,100.08,56.97,657.7244808134
2017/1/14 18:46:29,-33.66,-54.27,716.6613989398
2017/1/14 21:03:50,-27.54,48.15,759.4109097268
2017/1/14 23:22:51,-30.06,-75.6,382.2612022496
2017/1/14 23:31:44,19.62,-74.52,655.9816360232
2017/1/14 23:46:23,27.18,30.33,614.6718590082
2017/1/15 0:06:49,93.06,0.18,707.0288976108
2017/1/15 2:13:31,10.98,57.24,639.7729956299
2017/1/15 2:49:28,-95.76,-54.99,631.473824517
2017/1/15 3:40:36,-8.64,-42.75,704.4556032274
2017/1/15 4:27:18,-52.38,-20.7,670.553898542
2017/1/15 5:01:57,93.78,-65.25,565.9850415754
2017/1/15 7:20:43,-2.34,56.79,539.2403940485
2017/1/15 7:48:34,12.24,53.82,720.5418476458
2017/1/15 8:18:44,82.62,77.13,646.5744850899
2017/1/15 10:29:07,-130.86,71.55,529.7250473596
2017/1/15 12:46:11,179.46,-87.3,603.2319842992
2017/1/15 14:11:26,-6.84,-54.9,594.6735343196
2017/1/15 15:11:10,-87.48,1.17,652.0966700234
2017/1/15 16:30:40,-124.2,-69.48,611.7555251389
2017/1/15 18:25:13,-7.74,33.39,626.5081044004
2017/1/15 18:31:05,29.16,51.03,579.1249418856
2017/1/15 18:46:25,19.98,-62.64,644.2211403712
2017/1/15 19:32:09,-60.48,-54.72,678.6283023324
2017/1/15 20:40:59,-21.06,-12.06,522.7707535406
2017/1/15 22:55:46,149.94,84.33,603.6431999938
2017/1/15 23:24:48,-106.38,-61.65,553.3306650394
2017/1/16 0:45:56,-95.4,82.62,714.5287700729
2017/1/16 2:11:03,166.32,-2.79,613.6351239437
2017/1/16 2:32:31,156.96,-22.77,754.979000315
2017/1/16 3:24:07,-51.84,35.46,503.2168386112
2017/1/16 5:07:59,39.6,88.2,522.1409490494
2017/1/16 6:19:09,-121.5,-22.14,563.5647509888
2017/1/16 7:10:33,162.54,-60.39,478.7183188888
2017/1/16 8:53:11,-90.72,54.36,614.9814045862
2017/1/16 9:51:59,-114.12,-26.55,588.7816554085
2017/1/16 12:03:11,132.48,1.08,712.394592217
2017/1/16 12:38:48,-170.1,-82.17,497.30170412
2017/1/16 14:07:04,110.34,-56.61,732.4674201581
2017/1/16 16:13:09,-64.44,80.91,706.4283808719
2017/1/16 18:12:14,-38.16,68.31,669.0776594713
2017/1/16 19:29:19,-14.22,58.41,844.1503928885
2017/1/16 20:26:37,46.62,-72.09,540.09630954
2017/1/16 22:20:40,-66.96,-37.98,517.2078881995
2017/1/16 22:30:04,172.26,-28.89,809.3455045182
2017/1/17 0:17:41,-174.24,32.13,952.9012578541
2017/1/17 1:47:27,124.92,-44.28,770.4709198943
2017/1/17 3:11:50,135.18,60.03,409.1550380397
2017/1/17 3:43:18,19.26,-79.11,753.2946698456
2017/1/17 5:14:23,-12.42,8.73,656.2838519207
2017/1/17 6:34:36,160.02,33.48,559.5939254261
2017/1/17 8:07:51,-179.1,-36.09,418.6413586421
2017/1/17 10:21:32,152.1,-42.21,371.2951737641
2017/1/17 10:57:54,11.16,32.13,545.1076187309
2017/1/17 11:06:56,14.04,-63.36,464.0035202144
2017/1/17 11:22:58,-50.58,-32.4,595.5287779997
2017/1/17 11:31:32,-166.32,22.86,449.3395024586
2017/1/17 12:14:31,59.94,-28.62,377.5501958741
2017/1/17 13:53:22,-72.54,87.39,579.7045363409
2017/1/17 16:07:06,-172.08,26.55,616.181551213
2017/1/17 17:40:23,46.44,-63.81,468.5560209754
2017/1/17 17:59:40,96.3,76.68,670.9792652324
2017/1/17 18:04:42,-2.34,63.45,728.3648017333
2017/1/17 18:27:57,38.88,-34.92,516.308288613
2017/1/17 20:38:48,9.36,-2.25,523.0147897069
2017/1/17 21:18:22,133.02,82.89,615.4021777436
2017/1/17 23:25:13,-28.26,-0.9,726.6362261993
2017/1/18 1:44:50,-5.4,2.43,545.1599044829
2017/1/18 2:34:06,-160.56,-55.98,590.0338400159
2017/1/18 2:55:51,-129.6,-36.72,687.8368995354
2017/1/18 4:37:45,117.9,53.64,594.7842992351
2017/1/18 6:10:52,100.26,-53.64,692.8845734971
2017/1/18 6:21:20,-109.44,-76.77,639.1543553065
2017/1/18 6:50:41,90.54,89.64,481.2461480582
2017/1/18 8:29:04,7.74,56.61,664.7286790125
2017/1/18 10:44:08,-129.78,-85.86,617.2096150179
2017/1/18 11:50:14,146.34,7.92,519.0223701818
2017/1/18 12:00:52,-131.04,79.29,732.3964412575
2017/1/18 13:58:27,161.1,72.9,549.7938152598
2017/1/18 15:49:40,-76.14,-82.17,809.9396359305
2017/1/18 16:12:04,-142.2,-54.9,628.3405516458
2017/1/18 18:01:56,152.46,37.53,483.3387380999
2017/1/18 18:37:05,-5.58,64.71,592.9675398843
2017/1/18 19:01:14,149.4,-65.88,503.3161778187
2017/1/18 19:45:26,-151.38,-85.41,439.4944399819
2017/1/18 21:31:02,-91.44,43.11,459.333634743
2017/1/18 21:49:54,-28.44,47.97,939.6875914005
2017/1/18 22:22:23,-75.24,-69.39,752.3764760553
2017/1/19 0:37:25,-9.9,5.76,621.7060639457
2017/1/19 0:49:30,-94.86,-22.14,731.7833812906
2017/1/19 0:52:14,-37.98,-6.93,462.2826860981
2017/1/19 2:47:20,-119.52,-4.14,539.1776864571
2017/1/19 2:49:53,14.22,-7.83,729.1317433701
2017/1/19 3:08:39,32.58,-74.52,594.3058467388
2017/1/19 3:49:37,-160.2,26.55,475.2976747762
2017/1/19 5:25:58,99,-79.02,577.9120601925
2017/1/19 7:46:48,23.4,-5.49,519.5819997759
2017/1/19 9:44:16,162.36,-69.21,583.2914154327
2017/1/19 10:52:38,50.76,-77.49,633.5177566744
2017/1/19 11:00:10,52.56,-89.46,633.5513618073
2017/1/19 11:43:01,153.54,-33.57,568.4269149092
2017/1/19 14:04:00,104.22,29.7,532.3160225908
2017/1/19 15:56:30,122.58,-66.15,403.6118338986
2017/1/19 17:53:14,16.2,49.95,558.1211522705
2017/1/19 19:10:25,-52.56,-34.65,660.1088989072
2017/1/19 19:41:59,-43.2,-17.19,504.0612444752
2017/1/19 20:27:13,-94.5,83.07,634.335736519
2017/1/19 22:39:43,-142.2,77.94,553.7789336939
2017/1/20 0:31:09,-167.4,63.45,598.7518932263
2017/1/20 0:39:50,-179.46,6.66,693.095839259
2017/1/20 1:33:51,83.34,10.71,617.6660347724
2017/1/20 1:55:25,165.06,-84.06,741.1206371141
2017/1/20 3:42:11,-103.86,-6.39,509.5935244457
2017/1/20 4:35:06,75.06,-45.27,519.7336548433
2017/1/20 4:50:02,-140.76,-87.12,600.1560722155
2017/1/20 6:10:14,-80.1,-88.29,567.4822809689
2017/1/20 8:30:24,-55.08,8.19,548.2362037776
2017/1/20 8:56:23,-8.82,-50.31,530.6910648527
2017/1/20 9:48:33,132.12,17.55,567.0532877229
2017/1/20 12:10:29,-39.24,2.88,530.5524333968
2017/1/20 13:15:38,-61.2,-9.54,554.1065294772
2017/1/20 14:46:17,177.84,-85.95,708.0872521514
2017/1/20 14:51:05,-95.76,-25.29,475.1139110309
2017/1/20 15:31:35,-102.78,34.02,570.0571478868
2017/1/20 17:47:35,71.46,-33.03,451.9392862499
2017/1/20 19:09:43,-52.02,-37.26,848.5566475891
2017/1/20 21:10:50,68.94,-50.13,729.0602071876
2017/1/20 23:32:24,63.36,84.33,616.1878671557
2017/1/21 0:07:22,-97.92,-43.47,695.8397185427
2017/1/21 0:28:44,60.12,-10.35,743.0376814792
2017/1/21 1:17:28,-128.16,37.44,442.6732256458
2017/1/21 2:32:25,-33.3,40.5,624.4741379287
2017/1/21 2:40:06,84.24,44.73,584.1349606189
2017/1/21 4:15:07,-72.18,40.59,725.0350952191
2017/1/21 6:00:34,104.58,-8.01,611.9618372029
2017/1/21 7:18:29,-3.96,-73.35,645.9782919124
2017/1/21 7:32:39,-6.12,71.1,784.0168772152
2017/1/21 8:56:07,-79.2,34.56,597.4215822295
2017/1/21 9:18:39,-46.08,-19.44,507.3426166449
2017/1/21 11:09:33,-71.46,71.64,679.5091487541
2017/1/21 12:39:07,-105.66,-12.87,658.3755976014
2017/1/21 14:22:57,107.1,-16.83,610.4979072891
2017/1/21 15:19:36,58.14,-39.06,724.5349557172
2017/1/21 15:39:13,-172.26,-78.84,542.8191423915
2017/1/21 15:40:36,169.92,-23.85,559.8310472344
2017/1/21 15:43:39,160.02,57.42,530.4373743042
2017/1/21 17:03:11,-44.46,30.15,735.8889138438
2017/1/21 19:06:58,135.18,-40.95,844.708450394
2017/1/21 19:43:03,52.2,20.88,629.0201615864
2017/1/21 22:01:41,-150.48,15.57,455.4394884603
2017/1/21 23:23:08,57.24,-61.29,481.9492765469
2017/1/22 0:53:25,102.24,20.7,576.767897084
2017/1/22 1:15:23,-12.78,-22.77,454.8831568493
2017/1/22 1:43:17,-153.72,4.14,579.9320470308
2017/1/22 3:48:08,-138.96,-49.14,526.3267645758
2017/1/22 6:08:34,-5.76,19.62,561.6073133567
2017/1/22 7:38:49,141.48,47.34,465.9686962886
2017/1/22 9:07:15,-161.28,86.94,651.2322195419
2017/1/22 10:00:09,150.12,-9.9,539.4899911985
2017/1/22 11:15:21,81.36,-43.92,742.2757105596
2017/1/22 11:50:25,-81.36,66.51,577.7524565715
2017/1/22 13:07:36,-101.52,76.05,666.7551250212
2017/1/22 15:02:09,90.72,55.44,584.1449642894
2017/1/22 16:28:29,171.72,-71.82,603.7555746118
2017/1/22 18:26:10,-120.78,-50.85,573.8532466943
2017/1/22 19:09:25,136.26,51.84,722.9242818194
2017/1/22 19:18:21,149.76,29.07,665.6142370354
2017/1/22 21:34:42,74.52,29.79,408.7910805719
2017/1/22 22:05:14,107.28,-51.66,525.9781111166
2017/1/22 22:53:37,-32.94,-16.29,406.4215028798
2017/1/22 23:26:32,12.42,65.79,461.8084685617
2017/1/23 0:56:14,-119.88,-62.82,720.3734300309
2017/1/23 2:11:54,-81.18,12.06,614.7293837982
2017/1/23 3:46:36,-139.68,-76.32,761.3461742224
2017/1/23 5:26:39,-95.76,84.87,825.1366059061
2017/1/23 7:49:54,-39.06,-30.6,492.9415257057
2017/1/23 7:52:58,110.16,3.78,686.4490189188
2017/1/23 8:28:42,132.3,51.12,532.3528343523
2017/1/23 9:34:41,-137.52,67.86,513.8068070199
2017/1/23 10:11:04,84.06,47.61,505.2768374374
2017/1/23 11:56:23,-93.42,40.23,415.1658670968
2017/1/23 13:13:16,-124.92,25.83,543.3177332967
2017/1/23 14:11:27,9,-75.6,620.4443748087
2017/1/23 15:30:18,5.22,-30.51,506.4733688497
2017/1/23 17:24:01,141.3,80.1,735.2652210297
2017/1/23 17:31:01,-66.06,-87.03,575.9435335238
2017/1/23 18:01:46,-28.62,-0.09,443.0244592339
2017/1/23 18:16:25,160.74,-14.76,722.3080910542
2017/1/23 20:17:31,16.74,18.9,510.4446299766
2017/1/23 20:40:28,-95.22,-85.5,625.5832001778
2017/1/23 21:04:40,145.26,41.04,676.9848636714
2017/1/23 21:06:08,-41.58,25.2,567.3090684656
2017/1/23 23:05:40,-86.76,76.5,722.9724673918
2017/1/24 0:12:46,113.94,73.98,645.0589782915
2017/1/24 0:38:39,162.9,-10.08,481.837704644
2017/1/24 2:38:32,61.74,72.36,571.239528088
2017/1/24 4:28:19,39.24,57.42,645.0622865633
2017/1/24 6:03:03,111.6,29.52,490.2429717157
2017/1/24 8:22:12,61.38,-81.54,533.3262411162
2017/1/24 9:29:27,-73.26,22.23,454.7983385462
2017/1/24 11:51:42,-140.4,34.38,587.2792871761
2017/1/24 12:43:06,-89.1,54,469.1995081521
2017/1/24 14:15:29,-145.44,55.71,442.8852481129
2017/1/24 15:27:27,-148.68,38.52,642.1088805461
2017/1/24 16:53:37,4.32,-33.57,519.0269520868
2017/1/24 18:15:34,114.84,78.57,514.4590436213
2017/1/24 20:13:12,121.5,71.64,664.7056620023
2017/1/24 20:23:04,100.44,-1.08,686.6276145147
2017/1/24 21:47:33,-6.3,24.75,610.2178511818
2017/1/24 22:59:55,95.76,65.34,507.3777014999
2017/1/25 1:14:10,100.62,71.01,474.4424815091
2017/1/25 1:27:23,-72.18,-82.26,496.8818845665
2017/1/25 2:44:36,-95.76,-47.16,712.0093239324
2017/1/25 3:11:40,-166.14,25.74,597.8837399164
2017/1/25 4:36:58,-23.4,73.98,666.1998047079
2017/1/25 5:41:40,-124.2,-47.79,604.769486712
2017/1/25 6:59:48,-18.18,-85.68,687.4844474358
2017/1/25 9:23:03,-58.32,-17.82,626.8771847077
2017/1/25 11:37:40,-138.6,35.55,519.1935504961
2017/1/25 12:41:14,43.74,-25.56,649.039644476
2017/1/25 14:40:14,-157.86,36.9,594.6002603581
2017/1/25 16:29:59,-75.96,-80.82,565.3195513624
2017/1/25 17:44:36,53.28,12.51,433.0300087853
2017/1/25 19:28:17,85.68,69.48,630.3045905771
2017/1/25 19:29:33,-167.58,-56.43,587.6336536442
2017/1/25 21:10:26,112.32,58.32,526.1637470686
2017/1/25 22:54:27,109.08,-13.32,526.936639883
2017/1/26 1:03:44,40.14,45,525.2785482813
2017/1/26 2:25:06,-86.58,82.44,737.6869573879
2017/1/26 3:46:19,141.84,-43.29,319.2209859536
2017/1/26 5:50:25,88.92,36.9,715.1814138715
2017/1/26 6:39:53,162.36,59.76,566.994698889
2017/1/26 7:40:46,-51.48,-84.87,702.9268555796
2017/1/26 9:47:39,51.48,-16.29,588.914560873
2017/1/26 11:13:00,95.4,-54.27,498.2710755148
2017/1/26 11:29:03,79.92,-43.56,592.1022178543
2017/1/26 13:15:45,-131.94,-15.57,736.906717769
2017/1/26 15:38:15,81.9,71.37,682.7701741995
2017/1/26 16:55:19,41.58,-62.64,551.174501875
2017/1/26 17:40:39,-71.82,38.88,743.5828254928
2017/1/26 18:21:21,-88.2,73.08,557.9712218613
2017/1/26 18:25:28,134.64,-70.83,763.5498874863
2017/1/26 20:33:35,154.08,-34.47,626.8392012821
2017/1/26 22:50:00,-107.1,-36.81,654.6862692395
2017/1/26 23:07:48,4.68,5.67,522.3445217661
2017/1/27 0:07:40,66.24,56.43,654.4064529539
2017/1/27 0:29:41,-129.24,54.99,509.4886701638
2017/1/27 1:39:06,-162.9,-14.22,645.2180646824
2017/1/27 2:44:31,78.3,-33.39,573.7273969449
2017/1/27 3:11:40,-75.6,-73.44,546.2385354776
2017/1/27 5:29:17,83.16,49.32,731.4288924563
2017/1/27 7:09:25,-117.72,-39.87,376.5039436676
2017/1/27 8:33:29,4.86,13.5,514.9457446852
2017/1/27 10:16:07,20.88,-89.46,597.7867490391
2017/1/27 11:42:53,-131.22,19.08,592.9688360363
2017/1/27 13:00:09,-57.42,24.93,807.2594423892
2017/1/27 13:39:16,179.28,-1.8,666.6979541418
2017/1/27 15:40:38,78.3,-71.1,618.2513820725
2017/1/27 17:25:59,91.08,-71.01,659.1191042366
2017/1/27 18:58:23,113.4,76.68,586.9960405656
2017/1/27 19:15:30,129.96,32.85,675.2587601341
2017/1/27 21:09:53,-178.02,-10.17,489.6899736501
2017/1/27 22:52:03,-121.14,-61.65,660.5865066059
2017/1/27 23:18:23,153,57.33,695.4382006364
2017/1/28 1:23:33,135.9,34.11,426.0752108109
2017/1/28 1:38:10,-50.4,-70.56,548.3830621167
2017/1/28 2:50:56,16.92,-22.86,627.3907712025
2017/1/28 3:23:10,-142.2,66.51,538.9234872916
2017/1/28 3:40:42,-66.78,-61.11,528.070922036
2017/1/28 4:39:27,-166.14,63.99,656.4169924369
2017/1/28 5:04:15,-7.38,33.3,568.0914265036
2017/1/28 6:57:28,-77.22,-5.76,381.1812013001
2017/1/28 8:44:45,114.12,-41.04,697.8381515569
2017/1/28 9:34:51,45.18,-28.62,417.7437748935
2017/1/28 9:43:34,-33.3,-29.52,610.4576292925
2017/1/28 12:03:37,-82.62,16.56,697.1656825112
2017/1/28 12:29:25,114.66,-3.96,813.5916716593
2017/1/28 14:52:52,-30.96,-46.8,478.9698983525
2017/1/28 16:49:23,9.18,57.6,599.777427506
2017/1/28 18:59:06,47.52,16.2,738.8103302629
2017/1/28 20:10:42,161.28,-44.37,416.7959826065
2017/1/28 20:44:47,-120.42,81.54,508.5015963638
2017/1/28 21:44:09,-110.34,-34.74,755.7395979426
2017/1/28 23:02:21,-179.64,-69.39,596.1947480711
2017/1/29 0:41:50,59.94,-3.33,454.1293815311
2017/1/29 2:03:16,8.1,12.06,591.7099253373
2017/1/29 3:54:05,-100.44,-73.89,601.0128942224
2017/1/29 4:11:55,-40.32,-70.47,538.7244755588
2017/1/29 4:48:09,104.04,-58.05,491.7241956936
2017/1/29 6:34:27,74.7,-31.95,573.8541903698
2017/1/29 7:27:52,50.94,-35.1,630.508227473
2017/1/29 8:56:08,-20.88,31.77,484.9149309071
2017/1/29 9:32:52,-18.36,-59.58,600.2091977628
2017/1/29 11:10:42,125.82,3.42,577.043332615
2017/1/29 13:24:46,-26.1,-67.05,380.0760796083
2017/1/29 14:36:40,-78.84,-70.83,814.8213910462
2017/1/29 16:40:47,-22.14,-17.37,637.9008987008
2017/1/29 19:03:06,-172.44,-34.65,568.9656423853
2017/1/29 19:48:54,155.88,86.4,674.7353205367
2017/1/29 22:11:54,14.22,50.67,430.8642335508
2017/1/30 0:09:56,-140.76,-21.51,682.555651829
2017/1/30 1:33:06,-174.6,-50.31,686.447568619
2017/1/30 3:50:34,169.38,-17.01,454.835746073
2017/1/30 5:06:06,-128.7,-67.41,586.6514167635
2017/1/30 6:37:38,65.34,-9.81,557.6755058405
2017/1/30 8:01:05,-64.8,15.84,799.993704593
2017/1/30 8:38:26,-159.66,-35.01,737.6540421766
2017/1/30 9:52:51,110.88,-21.51,555.4214835961
2017/1/30 9:54:50,59.58,36.09,643.4276072977
2017/1/30 10:21:36,122.22,45.99,547.4232325111
2017/1/30 12:09:04,93.6,26.91,663.0902827978
2017/1/30 12:09:13,-154.08,-26.82,629.5524154813
2017/1/30 13:36:28,94.5,-24.75,739.9922586024
2017/1/30 14:58:22,129.78,-71.37,725.7850781576
2017/1/30 17:04:33,-178.56,-32.04,537.0785402602
2017/1/30 19:04:31,-24.12,73.62,533.0119840639
2017/1/30 21:19:05,140.4,-76.86,770.392192546
2017/1/30 22:33:20,177.12,-27.72,588.5398457406
2017/1/31 0:37:43,-8.1,-1.71,533.682721808
2017/1/31 2:33:10,73.26,-13.95,319.7074217856
2017/1/31 4:09:07,19.44,-84.33,554.3064546943
2017/1/31 5:54:01,-119.16,-46.08,708.2217166748
2017/1/31 7:28:44,-174.96,-46.17,789.2087097912
2017/1/31 8:01:23,117.9,29.61,589.1226642367
2017/1/31 9:56:08,68.22,80.01,525.9347132649
2017/1/31 10:01:58,-154.44,-0.72,663.2977640208
2017/1/31 10:44:54,17.1,12.51,583.1225466095
2017/1/31 11:18:50,66.42,75.33,516.0348974635
2017/1/31 13:35:18,-46.98,-90,549.5724458144
2017/1/31 15:15:39,-167.4,11.43,566.9295289015
2017/1/31 16:45:49,-150.66,65.07,616.2647106869
2017/1/31 18:51:05,91.62,16.83,570.2192111958
2017/1/31 21:01:00,7.74,74.16,404.2277304168
2017/1/31 23:15:25,-169.2,-41.58,489.7383156796
2017/2/1 0:15:56,76.5,-18.45,696.2776074398
2017/2/1 2:18:54,-144.54,-81.99,719.8929097959
2017/2/1 2:27:42,-94.5,28.71,355.7321318139
2017/2/1 3:28:36,20.7,37.17,757.3676665279
2017/2/1 5:41:25,-5.22,12.51,608.2275280208
2017/2/1 7:19:59,83.88,-72.54,692.4595375459
2017/2/1 7:50:17,-8.64,73.08,635.6204123206
2017/2/1 9:20:59,-63,-38.88,620.4430485944
2017/2/1 9:25:03,53.64,5.13,712.7678573649
2017/2/1 10:26:05,-168.3,-65.34,488.3714404407
2017/2/1 11:30:41,8.28,-6.66,506.0479397179
2017/2/1 12:20:01,-35.28,-80.1,577.9009827162
2017/2/1 14:23:21,-118.98,84.87,706.6792833444
2017/2/1 15:20:46,-24.12,72.99,610.0520800351
2017/2/1 17:03:01,144.72,-86.76,734.9484472208
2017/2/1 19:26:00,13.68,-29.07,627.0968652229
2017/2/1 20:47:47,-25.38,5.04,672.2211186283
2017/2/1 20:54:47,-26.28,-38.7,713.9012220462
2017/2/1 22:23:33,178.74,5.58,565.3718523681
2017/2/1 23:32:18,21.96,-85.59,787.2542376276
2017/2/2 0:30:50,-55.26,-76.5,407.7586247169
2017/2/2 0:40:42,93.06,66.06,641.5817956422
2017/2/2 3:01:21,-20.7,-9.36,637.5834281184
2017/2/2 4:16:54,-115.74,-67.41,508.4039174224
2017/2/2 6:15:40,91.08,79.83,728.4733077063
2017/2/2 7:59:05,-20.52,70.2,598.2829413269
2017/2/2 9:00:51,-138.78,-15.21,693.7689155697
2017/2/2 11:00:04,-150.84,75.78,459.2414184344
2017/2/2 11:23:43,95.4,-7.2,570.6058041547
2017/2/2 13:25:26,-108.18,51.48,512.3899914704
2017/2/2 15:14:01,-35.28,-68.13,296.5934714612
2017/2/2 15:18:02,7.2,-12.33,690.9109929494
2017/2/2 15:42:09,122.58,1.08,702.3755390474
2017/2/2 16:48:18,46.62,87.84,592.6052900305
2017/2/2 17:55:08,117.9,-1.98,712.8843155432
2017/2/2 18:13:41,130.14,-57.51,616.0172487961
2017/2/2 18:33:15,-171,6.3,527.6763302152
2017/2/2 20:29:30,-134.64,-54.72,492.4291735299
2017/2/2 22:04:48,-65.7,-56.25,407.3638261368
2017/2/3 0:01:03,-54.72,-49.59,686.0450334583
2017/2/3 0:28:07,-134.64,-10.53,760.6038828113
2017/2/3 2:01:38,152.28,12.33,558.8571981923
2017/2/3 2:21:28,21.24,-5.94,524.9698079888
2017/2/3 3:44:27,21.78,23.85,614.6292454114
2017/2/3 6:06:40,-51.84,-56.88,562.6525215938
2017/2/3 8:28:46,-165.78,-32.58,571.9346617722
2017/2/3 8:44:14,-54.54,-37.62,673.5858127528
2017/2/3 10:45:37,111.96,-67.86,554.6106681327
2017/2/3 12:57:57,9.36,69.66,575.8120268577
2017/2/3 13:15:26,121.14,-64.26,601.8980746847
2017/2/3 13:35:11,33.84,82.17,542.5585364289
2017/2/3 13:47:38,-127.62,-30.42,529.0830091082
2017/2/3 16:05:05,-48.96,-28.89,600.7063064383
2017/2/3 16:19:44,-137.52,82.98,383.6558227272
2017/2/3 18:36:51,-136.62,12.15,529.0960949679
2017/2/3 18:57:01,-100.62,5.85,408.4971244206
2017/2/3 20:44:31,-130.32,-0.99,470.2094125755
2017/2/3 21:21:27,-136.62,73.08,628.8812551725
2017/2/3 23:44:41,-6.84,41.49,571.8421748364
2017/2/4 0:06:38,-3.96,-40.59,717.9118200396
2017/2/4 2:00:30,45,68.49,753.8644596228
2017/2/4 2:18:07,-65.16,34.56,549.5706622817
2017/2/4 4:24:50,-141.12,43.47,772.0330369571
2017/2/4 6:45:26,-72.54,81.9,492.0398404446
2017/2/4 9:08:13,178.74,6.12,480.2682999024
2017/2/4 10:39:19,-149.76,12.33,610.1715714031
2017/2/4 11:00:59,19.44,21.24,636.5480071442
2017/2/4 11:58:09,163.44,65.34,726.8497885576
2017/2/4 12:55:06,-16.92,85.86,691.636016198
2017/2/4 13:20:31,-166.86,15.75,491.7183922194
2017/2/4 13:42:58,27.18,55.44,626.7826818067
2017/2/4 15:07:22,75.96,-31.77,717.3514227039
2017/2/4 15:33:41,53.64,-73.08,524.6615645617
2017/2/4 17:45:03,38.52,10.26,621.8940877219
2017/2/4 19:51:57,29.16,45.45,628.5700893521
2017/2/4 20:44:45,110.16,-71.73,469.488109379
2017/2/4 22:32:38,-76.5,39.06,479.5894693721
2017/2/5 0:33:45,-110.16,26.01,607.7532762259
2017/2/5 2:09:46,105.48,-34.56,693.6197331172
2017/2/5 4:10:50,-98.1,-63.45,682.9429260009
2017/2/5 4:15:36,-11.88,-16.65,697.6712837521
2017/2/5 6:02:20,80.1,-83.61,585.8182593504
2017/2/5 7:42:31,96.48,76.14,632.4186015982
2017/2/5 7:46:17,-36.36,-37.08,691.3042679477
2017/2/5 9:24:09,-88.2,59.67,577.0547404503
2017/2/5 10:47:37,139.68,29.79,437.8867727188
2017/2/5 10:52:27,-126,-66.96,474.1854000394
2017/2/5 11:01:24,-180,35.82,643.3284364671
2017/2/5 13:20:01,-144.18,-0.9,692.541593614
2017/2/5 14:02:34,170.46,56.7,544.7222504942
2017/2/5 14:37:56,-152.1,-24.93,578.0311579323
2017/2/5 16:25:21,155.88,-36.63,540.4297607511
2017/2/5 17:54:35,-91.8,8.82,721.8753661408
2017/2/5 19:27:23,162.72,41.22,438.8730472012
2017/2/5 21:18:32,-25.38,-39.87,680.4146961302
2017/2/5 22:33:21,150.3,-60.12,651.3368211712
2017/2/5 23:25:20,147.78,76.86,611.2527681966
2017/2/6 0:39:52,-99,73.35,633.3574413574
2017/2/6 1:11:42,70.38,-14.76,762.1346706602
2017/2/6 1:47:13,152.1,-69.66,359.4485790685
2017/2/6 3:51:45,-121.32,76.86,476.4065878355
2017/2/6 4:22:20,41.76,78.57,660.9875028489
2017/2/6 6:38:09,61.38,88.29,628.7936271973
2017/2/6 7:09:59,-48.06,62.55,636.2953622666
2017/2/6 8:24:50,26.1,-63.18,638.3540655666
2017/2/6 8:43:53,7.2,-60.3,501.3442191584
2017/2/6 9:58:57,89.46,33.84,661.9032347156
2017/2/6 10:13:42,175.32,88.2,624.1181188063
2017/2/6 11:03:10,88.74,15.48,717.5977876371
2017/2/6 11:55:02,56.16,58.23,458.6520342009
2017/2/6 12:08:35,-156.6,43.29,699.6038939682
2017/2/6 12:33:56,55.8,0.72,611.5553689182
2017/2/6 13:48:09,166.86,-23.58,663.572683802
2017/2/6 14:10:07,-173.52,-64.44,731.1357338915
2017/2/6 14:47:17,9.72,39.51,498.4930209599
2017/2/6 15:34:57,32.76,39.15,525.1610493396
2017/2/6 16:10:07,-115.92,22.86,622.0443237491
2017/2/6 17:54:10,-127.26,-23.04,557.9844947152
2017/2/6 18:18:02,-75.24,72.99,732.7803734012
2017/2/6 19:21:47,-0.54,23.67,674.7307092176
2017/2/6 20:20:13,9.18,-13.95,568.3491979062
2017/2/6 22:34:45,10.08,8.73,530.8406536765
2017/2/7 0:53:10,130.14,-18.72,543.1000790872
2017/2/7 1:29:36,-55.8,-39.15,381.2156013219
2017/2/7 2:33:40,-28.08,19.17,664.7850428141
2017/2/7 4:32:50,-112.86,19.89,741.6949057212
2017/2/7 5:40:53,103.32,38.34,404.6322429645
2017/2/7 7:22:26,-16.38,-62.64,525.0254043688
2017/2/7 8:12:24,158.4,-88.47,584.8713371863
2017/2/7 9:07:25,-35.64,-57.15,750.3793856718
2017/2/7 10:34:08,48.06,44.73,581.1424010266
2017/2/7 10:43:10,-143.1,-70.2,695.8461905334
2017/2/7 11:41:42,-134.64,-10.08,665.6096747927
2017/2/7 13:31:22,-170.28,-27.27,406.6443933583
2017/2/7 14:17:12,104.22,55.89,683.4343754639
2017/2/7 15:28:24,-79.74,25.56,610.0720696872
2017/2/7 16:52:58,92.52,-6.3,624.0592608929
2017/2/7 17:05:11,-80.28,56.97,604.5250846996
2017/2/7 17:54:55,3.78,38.7,624.3931506853
2017/2/7 18:12:46,44.46,-37.89,558.4657984494
2017/2/7 19:45:17,-103.32,-8.64,657.9933431577
2017/2/7 20:17:12,-29.34,76.95,569.6618697967
2017/2/7 21:45:09,133.56,-77.76,813.3607327937
2017/2/7 21:50:23,177.12,63,642.5506795117
2017/2/7 22:33:32,142.74,47.43,613.6342455814
2017/2/8 0:36:27,172.26,22.77,661.7658286099
2017/2/8 0:51:07,-92.16,41.76,546.333572754
2017/2/8 3:05:22,42.3,68.04,639.0881728335
2017/2/8 3:37:04,125.64,-73.26,544.2216160885
2017/2/8 5:43:06,-52.56,4.59,654.0308474134
2017/2/8 6:31:57,-120.6,42.21,617.2560147736
2017/2/8 7:54:14,30.24,61.83,555.5256429095
2017/2/8 10:05:45,22.86,-41.85,515.2351418962
2017/2/8 11:20:28,133.92,-58.5,444.7080525696
2017/2/8 13:22:42,-90.72,-19.35,578.2869604748
2017/2/8 14:33:34,172.44,-58.77,642.801216665
2017/2/8 15:22:01,166.14,-78.21,378.9692568788
2017/2/8 17:02:20,106.56,32.67,745.6910522819
2017/2/8 17:42:32,-76.86,55.89,548.1246285153
2017/2/8 18:57:13,128.7,3.87,687.9409229313
2017/2/8 20:57:41,-70.92,44.82,761.5814918671
2017/2/8 21:17:00,-173.7,32.94,505.1843716482
2017/2/8 22:20:54,-83.16,21.51,559.759190652
2017/2/8 22:54:39,100.26,36.72,498.2996857459
2017/2/9 1:09:50,-93.96,-54.18,632.6755586154
2017/2/9 2:29:05,-58.5,-54.09,463.8716972187
2017/2/9 2:57:29,-68.58,23.49,651.7176743201
2017/2/9 4:53:02,-47.16,49.95,471.0288032996
2017/2/9 6:52:39,77.94,84.15,386.3243058096
2017/2/9 7:35:42,160.74,-25.92,522.2764444784
2017/2/9 8:53:13,-131.22,-50.67,659.0794386901
2017/2/9 8:56:42,5.4,81.36,512.6353693258
2017/2/9 10:59:33,-34.74,76.14,450.9838849496
2017/2/9 11:15:14,20.88,71.01,664.8829398815
2017/2/9 12:08:40,160.74,29.7,513.6139143393
2017/2/9 14:07:07,5.58,-80.1,649.7742099023
2017/2/9 14:11:04,-72.72,31.23,825.5800601246
2017/2/9 14:25:24,-61.92,-8.19,690.3029562329
2017/2/9 15:47:57,133.38,-28.62,776.737278082
2017/2/9 17:59:21,95.94,-85.23,533.0156274269
2017/2/9 20:19:21,-16.92,18.81,518.1199479802
2017/2/9 20:31:19,162.9,26.82,720.8843677566
2017/2/9 22:51:37,73.44,-57.69,637.8796835006
2017/2/10 0:27:49,-3.96,26.91,652.3265643
2017/2/10 0:43:12,-110.7,-53.64,711.8035233222
2017/2/10 2:21:24,-151.56,-35.73,694.2745648503
2017/2/10 4:42:19,53.64,31.5,808.7443538086
2017/2/10 7:04:24,-21.78,0.63,618.0548124006
2017/2/10 9:21:09,141.66,33.84,464.7325996686
2017/2/10 11:14:44,-2.88,-27.09,562.3509071606
2017/2/10 11:48:53,174.96,-29.97,520.3059925786
2017/2/10 14:05:35,58.32,77.94,552.7569899523
2017/2/10 15:25:32,155.34,57.6,700.1693853361
2017/2/10 16:07:33,-27,38.79,604.0288337629
2017/2/10 17:37:13,31.68,-67.05,615.5424370578
2017/2/10 18:58:00,-30.24,-51.66,642.2809292488
2017/2/10 20:06:31,160.56,-59.4,459.2126895914
2017/2/10 20:14:40,28.62,4.86,764.2460265006
2017/2/10 21:03:54,144,61.83,729.9145388896
2017/2/10 23:01:08,-95.94,28.17,639.4102340968
2017/2/11 0:42:34,-133.92,52.29,527.0983345798
2017/2/11 0:52:21,-69.66,-52.29,642.5320167859
2017/2/11 2:31:10,-156.96,73.89,636.4133832196
2017/2/11 2:53:40,74.7,-85.86,892.8743013416
2017/2/11 4:22:54,-59.4,-8.55,535.0417512686
2017/2/11 6:45:39,50.76,-45.99,435.7847754346
2017/2/11 7:54:36,-92.7,68.22,826.0714328137
2017/2/11 8:46:50,-135.36,-16.2,672.9371064631
2017/2/11 10:23:32,108.18,-26.28,592.4717527478
2017/2/11 10:50:53,-63.54,-35.28,651.0800392679
2017/2/11 12:22:56,-14.22,-43.02,609.2605811532
2017/2/11 13:20:42,-35.82,81.99,672.8949735246
2017/2/11 15:32:18,-46.26,4.68,668.5094573845
2017/2/11 17:34:57,-44.46,1.26,635.2886997721
2017/2/11 19:36:29,162.72,51.75,344.0702872326
2017/2/11 19:58:04,-14.58,-52.11,609.838724915
2017/2/11 21:56:42,115.56,-22.32,679.9512058
2017/2/11 23:17:52,57.6,-52.65,477.1154507337
2017/2/12 0:54:46,-45.36,-52.11,553.4353070626
2017/2/12 1:17:46,-2.88,69.75,630.1752239418
2017/2/12 2:54:49,149.76,52.2,779.8304746209
2017/2/12 3:20:44,-66.24,63.09,699.6986836546
2017/2/12 4:38:03,13.32,-44.46,634.5864266356
2017/2/12 5:50:21,56.88,35.1,504.353304543
2017/2/12 8:01:52,-124.92,70.74,655.717282736
2017/2/12 9:24:02,96.3,-83.52,679.2527363405
2017/2/12 10:24:35,156.42,80.01,541.6788046748
2017/2/12 10:30:49,-153.72,2.7,695.7199000943
2017/2/12 11:46:01,43.02,40.23,586.2439740301
2017/2/12 13:41:23,-91.08,51.66,670.1538377427
2017/2/12 14:44:14,-0.72,86.58,721.7163446962
2017/2/12 15:09:01,113.58,-11.97,480.9225202378
2017/2/12 15:15:29,84.24,59.94,637.2628399401
2017/2/12 16:59:55,23.58,-19.98,610.9435067726
2017/2/12 17:10:08,10.08,-67.86,699.2786730277
2017/2/12 19:20:50,-152.46,39.69,788.5044146298
2017/2/12 21:11:21,-123.84,-44.82,538.3716287873
2017/2/12 23:30:54,135.72,75.6,675.8253628957
2017/2/12 23:58:26,-50.58,-44.46,649.7524687007
2017/2/13 1:45:26,-83.16,23.13,370.0482260754
2017/2/13 2:55:06,92.52,-1.98,496.4712124734
2017/2/13 3:05:50,-33.12,61.02,478.3485780768
2017/2/13 5:23:59,-148.5,43.74,654.7625141145
2017/2/13 7:40:22,78.12,-73.44,716.1981500758
2017/2/13 8:10:43,-119.88,-31.68,836.2382004315
2017/2/13 9:29:51,-180,42.75,606.6881334949
2017/2/13 10:02:37,173.88,38.43,603.3362260469
2017/2/13 11:41:10,142.92,71.73,572.5934851537
2017/2/13 12:27:58,-80.82,14.76,602.6550394983
2017/2/13 12:37:55,-131.58,-13.32,556.7936040838
2017/2/13 13:44:49,168.84,-6.84,776.1537477236
2017/2/13 15:55:58,-163.8,45.09,570.4614778716
2017/2/13 17:51:33,55.08,-15.48,825.3644143244
2017/2/13 17:55:27,-131.22,55.35,743.7259808048
2017/2/13 18:23:01,-95.76,-89.73,581.3646311021
2017/2/13 18:48:55,-116.82,25.92,720.6298884928
2017/2/13 19:41:10,96.84,-54.45,400.9590125918
2017/2/13 21:14:14,-42.66,-42.48,583.8166045445
2017/2/13 22:57:08,131.04,53.37,685.909901108
2017/2/14 0:59:18,93.24,-27.81,553.3054145191
2017/2/14 1:35:54,57.24,83.79,642.2750581149
